DIVISION,Capital_Cost_M$
'1',17602.237696461514
'2',37726.03986699402
'3',37971.368122565436
'4',22319.690972942408
'5',57276.53916200378
'6',9249.506295309991
'7',23794.993995757737
'8',22898.096452786576
'9',55287.951607081326
